Workbook

Sheet DATASET
A1: Employee_ID | B1: Employee_Name | C1: Department | D1: Location | E1: Experience_Years | F1: EXPERIENCE CATEGORY | G1: Basic_Salary | H1: Bonus | I1: Sales_Target | J1: SALES PERFORMANCE CATEGORY | K1: Sales_Achieved | L1: SALE PERFORMRNCE | M1: Performance_Score | N1: performance leval | O1: Attendance_% | P1: attendence catogry | Q1: Overtime_Hours | R1: total saary | S1: target stutas | T1: performance level | U1: eligibillity,,,,8 | V1: employee raiting
A2: E001 | B2: Arjun | C2: Sales | D2: Kochi | E2: 2 | F2: {=_xlfn.IFS(Table1[[#This Row],[Experience_Years]]>=6,"HIGHLY EXPIRINCED",Table1[[#This Row],[Experience_Years]]>=3,"EXPERINCED",Table1[[#This Row],[Experience_Years]]>=1,"BEGINNER")} -> BEGINNER | G2: 28000 | H2: 4000 | I2: 300000 | K2: 325000 | L2: {=_xlfn.IFS(Table1[[#This Row],[Sales_Achieved]]>=Table1[[#This Row],[Sales_Target]],"ACHIVED",Table1[[#This Row],[Sales_Achieved]]>=Table1[[#This Row],[Sales_Target]]*90%,"NEAR TARGET",Table1[[#This Row],[Sales_Achieved]]<Table1[[#This Row],[Sales_Target]]*90%,"BELOW TARGET")} -> ACHIVED | M2: 85 | N2: {=_xlfn.IFS(Table1[[#This Row],[Performance_Score]]>=90,"excllent",Table1[[#This Row],[Performance_Score]]>=80,"GOOD",Table1[[#This Row],[Performance_Score]]>=70,"AVERAGE",Table1[[#This Row],[Performance_Score]]<70,"NEEDS IMPROVEMENT")} -> GOOD | O2: 94 | P2: {=_xlfn.IFS(Table1[[#This Row],[Attendance_%]]>=95,"exclent attaendance",Table1[[#This Row],[Attendance_%]]>=90,"good attandance",Table1[[#This Row],[Attendance_%]]>=85,"avg attandance",Table1[[#This Row],[Attendance_%]]<85,"poor attandance")} -> good attandance | Q2: 12 | R2: =SUM(Table1[[#This Row],[Bonus]],Table1[[#This Row],[Basic_Salary]]) -> 32000 | S2: =IF(Table1[[#This Row],[Sales_Achieved]]>Table1[[#This Row],[Sales_Target]],"achived","not achived") -> achived | T2: =IF(AND(Table1[[#This Row],[Performance_Score]]>85,Table1[[#This Row],[Attendance_%]]>90),"excellent","need improvement") -> need improvement | U2: =IF(OR(Table1[[#This Row],[Department]]="IT",Table1[[#This Row],[Department]]="Finance"),"elligible","not elligible") -> not elligible | V2: {=_xlfn.IFS(Table1[[#This Row],[Performance_Score]]>=95,"outstandibg",Table1[[#This Row],[Performance_Score]]>=90,"excllent",Table1[[#This Row],[Performance_Score]]>=80,"good",Table1[[#This Row],[Performance_Score]]>=70,"satisfactory",Table1[[#This Row],[Performance_Score]]<70,"needs improvement")} -> good
A3: E002 | B3: Meera | C3: HR | D3: Calicut | E3: 4 | F3: {=_xlfn.IFS(Table1[[#This Row],[Experience_Years]]>=6,"HIGHLY EXPIRINCED",Table1[[#This Row],[Experience_Years]]>=3,"EXPERINCED",Table1[[#This Row],[Experience_Years]]>=1,"BEGINNER")} -> EXPERINCED | G3: 35000 | H3: 3500 | I3: 150000 | K3: 142000 | L3: {=_xlfn.IFS(Table1[[#This Row],[Sales_Achieved]]>=Table1[[#This Row],[Sales_Target]],"ACHIVED",Table1[[#This Row],[Sales_Achieved]]>=Table1[[#This Row],[Sales_Target]]*90%,"NEAR TARGET",Table1[[#This Row],[Sales_Achieved]]<Table1[[#This Row],[Sales_Target]]*90%,"BELOW TARGET")} -> NEAR TARGET | M3: 78 | N3: {=_xlfn.IFS(Table1[[#This Row],[Performance_Score]]>=90,"excllent",Table1[[#This Row],[Performance_Score]]>=80,"GOOD",Table1[[#This Row],[Performance_Score]]>=70,"AVERAGE",Table1[[#This Row],[Performance_Score]]<70,"NEEDS IMPROVEMENT")} -> AVERAGE | O3: 91 | P3: {=_xlfn.IFS(Table1[[#This Row],[Attendance_%]]>=95,"exclent attaendance",Table1[[#This Row],[Attendance_%]]>=90,"good attandance",Table1[[#This Row],[Attendance_%]]>=85,"avg attandance",Table1[[#This Row],[Attendance_%]]<85,"poor attandance")} -> good attandance | Q3: 8 | R3: =SUM(Table1[[#This Row],[Bonus]],Table1[[#This Row],[Basic_Salary]]) -> 38500 | S3: =IF(Table1[[#This Row],[Sales_Achieved]]>Table1[[#This Row],[Sales_Target]],"achived","not achived") -> not achived | T3: =IF(AND(Table1[[#This Row],[Performance_Score]]>85,Table1[[#This Row],[Attendance_%]]>90),"excellent","need improvement") -> need improvement | U3: =IF(OR(Table1[[#This Row],[Department]]="IT",Table1[[#This Row],[Department]]="Finance"),"elligible","not elligible") -> not elligible | V3: {=_xlfn.IFS(Table1[[#This Row],[Performance_Score]]>=95,"outstandibg",Table1[[#This Row],[Performance_Score]]>=90,"excllent",Table1[[#This Row],[Performance_Score]]>=80,"good",Table1[[#This Row],[Performance_Score]]>=70,"satisfactory",Table1[[#This Row],[Performance_Score]]<70,"needs improvement")} -> satisfactory
A4: E003 | B4: Rahul | C4: IT | D4: Kochi | E4: 3 | F4: {=_xlfn.IFS(Table1[[#This Row],[Experience_Years]]>=6,"HIGHLY EXPIRINCED",Table1[[#This Row],[Experience_Years]]>=3,"EXPERINCED",Table1[[#This Row],[Experience_Years]]>=1,"BEGINNER")} -> EXPERINCED | G4: 42000 | H4: 6000 | I4: 250000 | K4: 275000 | L4: {=_xlfn.IFS(Table1[[#This Row],[Sales_Achieved]]>=Table1[[#This Row],[Sales_Target]],"ACHIVED",Table1[[#This Row],[Sales_Achieved]]>=Table1[[#This Row],[Sales_Target]]*90%,"NEAR TARGET",Table1[[#This Row],[Sales_Achieved]]<Table1[[#This Row],[Sales_Target]]*90%,"BELOW TARGET")} -> ACHIVED | M4: 92 | N4: {=_xlfn.IFS(Table1[[#This Row],[Performance_Score]]>=90,"excllent",Table1[[#This Row],[Performance_Score]]>=80,"GOOD",Table1[[#This Row],[Performance_Score]]>=70,"AVERAGE",Table1[[#This Row],[Performance_Score]]<70,"NEEDS IMPROVEMENT")} -> excllent | O4: 97 | P4: {=_xlfn.IFS(Table1[[#This Row],[Attendance_%]]>=95,"exclent attaendance",Table1[[#This Row],[Attendance_%]]>=90,"good attandance",Table1[[#This Row],[Attendance_%]]>=85,"avg attandance",Table1[[#This Row],[Attendance_%]]<85,"poor attandance")} -> exclent attaendance | Q4: 15 | R4: =SUM(Table1[[#This Row],[Bonus]],Table1[[#This Row],[Basic_Salary]]) -> 48000 | S4: =IF(Table1[[#This Row],[Sales_Achieved]]>Table1[[#This Row],[Sales_Target]],"achived","not achived") -> achived | T4: =IF(AND(Table1[[#This Row],[Performance_Score]]>85,Table1[[#This Row],[Attendance_%]]>90),"excellent","need improvement") -> excellent | U4: =IF(OR(Table1[[#This Row],[Department]]="IT",Table1[[#This Row],[Department]]="Finance"),"elligible","not elligible") -> elligible | V4: {=_xlfn.IFS(Table1[[#This Row],[Performance_Score]]>=95,"outstandibg",Table1[[#This Row],[Performance_Score]]>=90,"excllent",Table1[[#This Row],[Performance_Score]]>=80,"good",Table1[[#This Row],[Performance_Score]]>=70,"satisfactory",Table1[[#This Row],[Performance_Score]]<70,"needs improvement")} -> excllent
A5: E004 | B5: Anjali | C5: Finance | D5: Bangalore | E5: 5 | F5: {=_xlfn.IFS(Table1[[#This Row],[Experience_Years]]>=6,"HIGHLY EXPIRINCED",Table1[[#This Row],[Experience_Years]]>=3,"EXPERINCED",Table1[[#This Row],[Experience_Years]]>=1,"BEGINNER")} -> EXPERINCED | G5: 48000 | H5: 5500 | I5: 200000 | K5: 210000 | L5: {=_xlfn.IFS(Table1[[#This Row],[Sales_Achieved]]>=Table1[[#This Row],[Sales_Target]],"ACHIVED",Table1[[#This Row],[Sales_Achieved]]>=Table1[[#This Row],[Sales_Target]]*90%,"NEAR TARGET",Table1[[#This Row],[Sales_Achieved]]<Table1[[#This Row],[Sales_Target]]*90%,"BELOW TARGET")} -> ACHIVED | M5: 88 | N5: {=_xlfn.IFS(Table1[[#This Row],[Performance_Score]]>=90,"excllent",Table1[[#This Row],[Performance_Score]]>=80,"GOOD",Table1[[#This Row],[Performance_Score]]>=70,"AVERAGE",Table1[[#This Row],[Performance_Score]]<70,"NEEDS IMPROVEMENT")} -> GOOD | O5: 95 | P5: {=_xlfn.IFS(Table1[[#This Row],[Attendance_%]]>=95,"exclent attaendance",Table1[[#This Row],[Attendance_%]]>=90,"good attandance",Table1[[#This Row],[Attendance_%]]>=85,"avg attandance",Table1[[#This Row],[Attendance_%]]<85,"poor attandance")} -> exclent attaendance | Q5: 10 | R5: =SUM(Table1[[#This Row],[Bonus]],Table1[[#This Row],[Basic_Salary]]) -> 53500 | S5: =IF(Table1[[#This Row],[Sales_Achieved]]>Table1[[#This Row],[Sales_Target]],"achived","not achived") -> achived | T5: =IF(AND(Table1[[#This Row],[Performance_Score]]>85,Table1[[#This Row],[Attendance_%]]>90),"excellent","need improvement") -> excellent | U5: =IF(OR(Table1[[#This Row],[Department]]="IT",Table1[[#This Row],[Department]]="Finance"),"elligible","not elligible") -> elligible | V5: {=_xlfn.IFS(Table1[[#This Row],[Performance_Score]]>=95,"outstandibg",Table1[[#This Row],[Performance_Score]]>=90,"excllent",Table1[[#This Row],[Performance_Score]]>=80,"good",Table1[[#This Row],[Performance_Score]]>=70,"satisfactory",Table1[[#This Row],[Performance_Score]]<70,"needs improvement")} -> good
A6: E005 | B6: Nikhil | C6: Sales | D6: Calicut | E6: 1 | F6: {=_xlfn.IFS(Table1[[#This Row],[Experience_Years]]>=6,"HIGHLY EXPIRINCED",Table1[[#This Row],[Experience_Years]]>=3,"EXPERINCED",Table1[[#This Row],[Experience_Years]]>=1,"BEGINNER")} -> BEGINNER | G6: 26000 | H6: 3000 | I6: 280000 | K6: 250000 | L6: {=_xlfn.IFS(Table1[[#This Row],[Sales_Achieved]]>=Table1[[#This Row],[Sales_Target]],"ACHIVED",Table1[[#This Row],[Sales_Achieved]]>=Table1[[#This Row],[Sales_Target]]*90%,"NEAR TARGET",Table1[[#This Row],[Sales_Achieved]]<Table1[[#This Row],[Sales_Target]]*90%,"BELOW TARGET")} -> BELOW TARGET | M6: 69 | N6: {=_xlfn.IFS(Table1[[#This Row],[Performance_Score]]>=90,"excllent",Table1[[#This Row],[Performance_Score]]>=80,"GOOD",Table1[[#This Row],[Performance_Score]]>=70,"AVERAGE",Table1[[#This Row],[Performance_Score]]<70,"NEEDS IMPROVEMENT")} -> NEEDS IMPROVEMENT | O6: 86 | P6: {=_xlfn.IFS(Table1[[#This Row],[Attendance_%]]>=95,"exclent attaendance",Table1[[#This Row],[Attendance_%]]>=90,"good attandance",Table1[[#This Row],[Attendance_%]]>=85,"avg attandance",Table1[[#This Row],[Attendance_%]]<85,"poor attandance")} -> avg attandance | Q6: 6 | R6: =SUM(Table1[[#This Row],[Bonus]],Table1[[#This Row],[Basic_Salary]]) -> 29000 | S6: =IF(Table1[[#This Row],[Sales_Achieved]]>Table1[[#This Row],[Sales_Target]],"achived","not achived") -> not achived | T6: =IF(AND(Table1[[#This Row],[Performance_Score]]>85,Table1[[#This Row],[Attendance_%]]>90),"excellent","need improvement") -> need improvement | U6: =IF(OR(Table1[[#This Row],[Department]]="IT",Table1[[#This Row],[Department]]="Finance"),"elligible","not elligible") -> not elligible | V6: {=_xlfn.IFS(Table1[[#This Row],[Performance_Score]]>=95,"outstandibg",Table1[[#This Row],[Performance_Score]]>=90,"excllent",Table1[[#This Row],[Performance_Score]]>=80,"good",Table1[[#This Row],[Performance_Score]]>=70,"satisfactory",Table1[[#This Row],[Performance_Score]]<70,"needs improvement")} -> needs improvement
A7: E006 | B7: Fathima | C7: IT | D7: Kochi | E7: 6 | F7: {=_xlfn.IFS(Table1[[#This Row],[Experience_Years]]>=6,"HIGHLY EXPIRINCED",Table1[[#This Row],[Experience_Years]]>=3,"EXPERINCED",Table1[[#This Row],[Experience_Years]]>=1,"BEGINNER")} -> HIGHLY EXPIRINCED | G7: 55000 | H7: 7500 | I7: 350000 | K7: 390000 | L7: {=_xlfn.IFS(Table1[[#This Row],[Sales_Achieved]]>=Table1[[#This Row],[Sales_Target]],"ACHIVED",Table1[[#This Row],[Sales_Achieved]]>=Table1[[#This Row],[Sales_Target]]*90%,"NEAR TARGET",Table1[[#This Row],[Sales_Achieved]]<Table1[[#This Row],[Sales_Target]]*90%,"BELOW TARGET")} -> ACHIVED | M7: 96 | N7: {=_xlfn.IFS(Table1[[#This Row],[Performance_Score]]>=90,"excllent",Table1[[#This Row],[Performance_Score]]>=80,"GOOD",Table1[[#This Row],[Performance_Score]]>=70,"AVERAGE",Table1[[#This Row],[Performance_Score]]<70,"NEEDS IMPROVEMENT")} -> excllent | O7: 98 | P7: {=_xlfn.IFS(Table1[[#This Row],[Attendance_%]]>=95,"exclent attaendance",Table1[[#This Row],[Attendance_%]]>=90,"good attandance",Table1[[#This Row],[Attendance_%]]>=85,"avg attandance",Table1[[#This Row],[Attendance_%]]<85,"poor attandance")} -> exclent attaendance | Q7: 18 | R7: =SUM(Table1[[#This Row],[Bonus]],Table1[[#This Row],[Basic_Salary]]) -> 62500 | S7: =IF(Table1[[#This Row],[Sales_Achieved]]>Table1[[#This Row],[Sales_Target]],"achived","not achived") -> achived | T7: =IF(AND(Table1[[#This Row],[Performance_Score]]>85,Table1[[#This Row],[Attendance_%]]>90),"excellent","need improvement") -> excellent | U7: =IF(OR(Table1[[#This Row],[Department]]="IT",Table1[[#This Row],[Department]]="Finance"),"elligible","not elligible") -> elligible | V7: {=_xlfn.IFS(Table1[[#This Row],[Performance_Score]]>=95,"outstandibg",Table1[[#This Row],[Performance_Score]]>=90,"excllent",Table1[[#This Row],[Performance_Score]]>=80,"good",Table1[[#This Row],[Performance_Score]]>=70,"satisfactory",Table1[[#This Row],[Performance_Score]]<70,"needs improvement")} -> outstandibg
A8: E007 | B8: Vishnu | C8: HR | D8: Bangalore | E8: 2 | F8: {=_xlfn.IFS(Table1[[#This Row],[Experience_Years]]>=6,"HIGHLY EXPIRINCED",Table1[[#This Row],[Experience_Years]]>=3,"EXPERINCED",Table1[[#This Row],[Experience_Years]]>=1,"BEGINNER")} -> BEGINNER | G8: 32000 | H8: 2500 | I8: 140000 | K8: 155000 | L8: {=_xlfn.IFS(Table1[[#This Row],[Sales_Achieved]]>=Table1[[#This Row],[Sales_Target]],"ACHIVED",Table1[[#This Row],[Sales_Achieved]]>=Table1[[#This Row],[Sales_Target]]*90%,"NEAR TARGET",Table1[[#This Row],[Sales_Achieved]]<Table1[[#This Row],[Sales_Target]]*90%,"BELOW TARGET")} -> ACHIVED | M8: 81 | N8: {=_xlfn.IFS(Table1[[#This Row],[Performance_Score]]>=90,"excllent",Table1[[#This Row],[Performance_Score]]>=80,"GOOD",Table1[[#This Row],[Performance_Score]]>=70,"AVERAGE",Table1[[#This Row],[Performance_Score]]<70,"NEEDS IMPROVEMENT")} -> GOOD | O8: 93 | P8: {=_xlfn.IFS(Table1[[#This Row],[Attendance_%]]>=95,"exclent attaendance",Table1[[#This Row],[Attendance_%]]>=90,"good attandance",Table1[[#This Row],[Attendance_%]]>=85,"avg attandance",Table1[[#This Row],[Attendance_%]]<85,"poor attandance")} -> good attandance | Q8: 7 | R8: =SUM(Table1[[#This Row],[Bonus]],Table1[[#This Row],[Basic_Salary]]) -> 34500 | S8: =IF(Table1[[#This Row],[Sales_Achieved]]>Table1[[#This Row],[Sales_Target]],"achived","not achived") -> achived | T8: =IF(AND(Table1[[#This Row],[Performance_Score]]>85,Table1[[#This Row],[Attendance_%]]>90),"excellent","need improvement") -> need improvement | U8: =IF(OR(Table1[[#This Row],[Department]]="IT",Table1[[#This Row],[Department]]="Finance"),"elligible","not elligible") -> not elligible | V8: {=_xlfn.IFS(Table1[[#This Row],[Performance_Score]]>=95,"outstandibg",Table1[[#This Row],[Performance_Score]]>=90,"excllent",Table1[[#This Row],[Performance_Score]]>=80,"good",Table1[[#This Row],[Performance_Score]]>=70,"satisfactory",Table1[[#This Row],[Performance_Score]]<70,"needs improvement")} -> good
A9: E008 | B9: Sneha | C9: Sales | D9: Kochi | E9: 4 | F9: {=_xlfn.IFS(Table1[[#This Row],[Experience_Years]]>=6,"HIGHLY EXPIRINCED",Table1[[#This Row],[Experience_Years]]>=3,"EXPERINCED",Table1[[#This Row],[Experience_Years]]>=1,"BEGINNER")} -> EXPERINCED | G9: 39000 | H9: 5000 | I9: 320000 | K9: 340000 | L9: {=_xlfn.IFS(Table1[[#This Row],[Sales_Achieved]]>=Table1[[#This Row],[Sales_Target]],"ACHIVED",Table1[[#This Row],[Sales_Achieved]]>=Table1[[#This Row],[Sales_Target]]*90%,"NEAR TARGET",Table1[[#This Row],[Sales_Achieved]]<Table1[[#This Row],[Sales_Target]]*90%,"BELOW TARGET")} -> ACHIVED | M9: 89 | N9: {=_xlfn.IFS(Table1[[#This Row],[Performance_Score]]>=90,"excllent",Table1[[#This Row],[Performance_Score]]>=80,"GOOD",Table1[[#This Row],[Performance_Score]]>=70,"AVERAGE",Table1[[#This Row],[Performance_Score]]<70,"NEEDS IMPROVEMENT")} -> GOOD | O9: 96 | P9: {=_xlfn.IFS(Table1[[#This Row],[Attendance_%]]>=95,"exclent attaendance",Table1[[#This Row],[Attendance_%]]>=90,"good attandance",Table1[[#This Row],[Attendance_%]]>=85,"avg attandance",Table1[[#This Row],[Attendance_%]]<85,"poor attandance")} -> exclent attaendance | Q9: 14 | R9: =SUM(Table1[[#This Row],[Bonus]],Table1[[#This Row],[Basic_Salary]]) -> 44000 | S9: =IF(Table1[[#This Row],[Sales_Achieved]]>Table1[[#This Row],[Sales_Target]],"achived","not achived") -> achived | T9: =IF(AND(Table1[[#This Row],[Performance_Score]]>85,Table1[[#This Row],[Attendance_%]]>90),"excellent","need improvement") -> excellent | U9: =IF(OR(Table1[[#This Row],[Department]]="IT",Table1[[#This Row],[Department]]="Finance"),"elligible","not elligible") -> not elligible | V9: {=_xlfn.IFS(Table1[[#This Row],[Performance_Score]]>=95,"outstandibg",Table1[[#This Row],[Performance_Score]]>=90,"excllent",Table1[[#This Row],[Performance_Score]]>=80,"good",Table1[[#This Row],[Performance_Score]]>=70,"satisfactory",Table1[[#This Row],[Performance_Score]]<70,"needs improvement")} -> good
A10: E009 | B10: Adil | C10: Finance | D10: Calicut | E10: 3 | F10: {=_xlfn.IFS(Table1[[#This Row],[Experience_Years]]>=6,"HIGHLY EXPIRINCED",Table1[[#This Row],[Experience_Years]]>=3,"EXPERINCED",Table1[[#This Row],[Experience_Years]]>=1,"BEGINNER")} -> EXPERINCED | G10: 41000 | H10: 4500 | I10: 180000 | K10: 165000 | L10: {=_xlfn.IFS(Table1[[#This Row],[Sales_Achieved]]>=Table1[[#This Row],[Sales_Target]],"ACHIVED",Table1[[#This Row],[Sales_Achieved]]>=Table1[[#This Row],[Sales_Target]]*90%,"NEAR TARGET",Table1[[#This Row],[Sales_Achieved]]<Table1[[#This Row],[Sales_Target]]*90%,"BELOW TARGET")} -> NEAR TARGET | M10: 74 | N10: {=_xlfn.IFS(Table1[[#This Row],[Performance_Score]]>=90,"excllent",Table1[[#This Row],[Performance_Score]]>=80,"GOOD",Table1[[#This Row],[Performance_Score]]>=70,"AVERAGE",Table1[[#This Row],[Performance_Score]]<70,"NEEDS IMPROVEMENT")} -> AVERAGE | O10: 89 | P10: {=_xlfn.IFS(Table1[[#This Row],[Attendance_%]]>=95,"exclent attaendance",Table1[[#This Row],[Attendance_%]]>=90,"good attandance",Table1[[#This Row],[Attendance_%]]>=85,"avg attandance",Table1[[#This Row],[Attendance_%]]<85,"poor attandance")} -> avg attandance | Q10: 9 | R10: =SUM(Table1[[#This Row],[Bonus]],Table1[[#This Row],[Basic_Salary]]) -> 45500 | S10: =IF(Table1[[#This Row],[Sales_Achieved]]>Table1[[#This Row],[Sales_Target]],"achived","not achived") -> not achived | T10: =IF(AND(Table1[[#This Row],[Performance_Score]]>85,Table1[[#This Row],[Attendance_%]]>90),"excellent","need improvement") -> need improvement | U10: =IF(OR(Table1[[#This Row],[Department]]="IT",Table1[[#This Row],[Department]]="Finance"),"elligible","not elligible") -> elligible | V10: {=_xlfn.IFS(Table1[[#This Row],[Performance_Score]]>=95,"outstandibg",Table1[[#This Row],[Performance_Score]]>=90,"excllent",Table1[[#This Row],[Performance_Score]]>=80,"good",Table1[[#This Row],[Performance_Score]]>=70,"satisfactory",Table1[[#This Row],[Performance_Score]]<70,"needs improvement")} -> satisfactory
A11: E010 | B11: Diya | C11: IT | D11: Bangalore | E11: 7 | F11: {=_xlfn.IFS(Table1[[#This Row],[Experience_Years]]>=6,"HIGHLY EXPIRINCED",Table1[[#This Row],[Experience_Years]]>=3,"EXPERINCED",Table1[[#This Row],[Experience_Years]]>=1,"BEGINNER")} -> HIGHLY EXPIRINCED | G11: 62000 | H11: 8500 | I11: 400000 | K11: 425000 | L11: {=_xlfn.IFS(Table1[[#This Row],[Sales_Achieved]]>=Table1[[#This Row],[Sales_Target]],"ACHIVED",Table1[[#This Row],[Sales_Achieved]]>=Table1[[#This Row],[Sales_Target]]*90%,"NEAR TARGET",Table1[[#This Row],[Sales_Achieved]]<Table1[[#This Row],[Sales_Target]]*90%,"BELOW TARGET")} -> ACHIVED | M11: 97 | N11: {=_xlfn.IFS(Table1[[#This Row],[Performance_Score]]>=90,"excllent",Table1[[#This Row],[Performance_Score]]>=80,"GOOD",Table1[[#This Row],[Performance_Score]]>=70,"AVERAGE",Table1[[#This Row],[Performance_Score]]<70,"NEEDS IMPROVEMENT")} -> excllent | O11: 99 | P11: {=_xlfn.IFS(Table1[[#This Row],[Attendance_%]]>=95,"exclent attaendance",Table1[[#This Row],[Attendance_%]]>=90,"good attandance",Table1[[#This Row],[Attendance_%]]>=85,"avg attandance",Table1[[#This Row],[Attendance_%]]<85,"poor attandance")} -> exclent attaendance | Q11: 20 | R11: =SUM(Table1[[#This Row],[Bonus]],Table1[[#This Row],[Basic_Salary]]) -> 70500 | S11: =IF(Table1[[#This Row],[Sales_Achieved]]>Table1[[#This Row],[Sales_Target]],"achived","not achived") -> achived | T11: =IF(AND(Table1[[#This Row],[Performance_Score]]>85,Table1[[#This Row],[Attendance_%]]>90),"excellent","need improvement") -> excellent | U11: =IF(OR(Table1[[#This Row],[Department]]="IT",Table1[[#This Row],[Department]]="Finance"),"elligible","not elligible") -> elligible | V11: {=_xlfn.IFS(Table1[[#This Row],[Performance_Score]]>=95,"outstandibg",Table1[[#This Row],[Performance_Score]]>=90,"excllent",Table1[[#This Row],[Performance_Score]]>=80,"good",Table1[[#This Row],[Performance_Score]]>=70,"satisfactory",Table1[[#This Row],[Performance_Score]]<70,"needs improvement")} -> outstandibg
A12: E011 | B12: Akhil | C12: Sales | D12: Calicut | E12: 5 | F12: {=_xlfn.IFS(Table1[[#This Row],[Experience_Years]]>=6,"HIGHLY EXPIRINCED",Table1[[#This Row],[Experience_Years]]>=3,"EXPERINCED",Table1[[#This Row],[Experience_Years]]>=1,"BEGINNER")} -> EXPERINCED | G12: 45000 | H12: 6500 | I12: 350000 | K12: 370000 | L12: {=_xlfn.IFS(Table1[[#This Row],[Sales_Achieved]]>=Table1[[#This Row],[Sales_Target]],"ACHIVED",Table1[[#This Row],[Sales_Achieved]]>=Table1[[#This Row],[Sales_Target]]*90%,"NEAR TARGET",Table1[[#This Row],[Sales_Achieved]]<Table1[[#This Row],[Sales_Target]]*90%,"BELOW TARGET")} -> ACHIVED | M12: 91 | N12: {=_xlfn.IFS(Table1[[#This Row],[Performance_Score]]>=90,"excllent",Table1[[#This Row],[Performance_Score]]>=80,"GOOD",Table1[[#This Row],[Performance_Score]]>=70,"AVERAGE",Table1[[#This Row],[Performance_Score]]<70,"NEEDS IMPROVEMENT")} -> excllent | O12: 94 | P12: {=_xlfn.IFS(Table1[[#This Row],[Attendance_%]]>=95,"exclent attaendance",Table1[[#This Row],[Attendance_%]]>=90,"good attandance",Table1[[#This Row],[Attendance_%]]>=85,"avg attandance",Table1[[#This Row],[Attendance_%]]<85,"poor attandance")} -> good attandance | Q12: 16 | R12: =SUM(Table1[[#This Row],[Bonus]],Table1[[#This Row],[Basic_Salary]]) -> 51500 | S12: =IF(Table1[[#This Row],[Sales_Achieved]]>Table1[[#This Row],[Sales_Target]],"achived","not achived") -> achived | T12: =IF(AND(Table1[[#This Row],[Performance_Score]]>85,Table1[[#This Row],[Attendance_%]]>90),"excellent","need improvement") -> excellent | U12: =IF(OR(Table1[[#This Row],[Department]]="IT",Table1[[#This Row],[Department]]="Finance"),"elligible","not elligible") -> not elligible | V12: {=_xlfn.IFS(Table1[[#This Row],[Performance_Score]]>=95,"outstandibg",Table1[[#This Row],[Performance_Score]]>=90,"excllent",Table1[[#This Row],[Performance_Score]]>=80,"good",Table1[[#This Row],[Performance_Score]]>=70,"satisfactory",Table1[[#This Row],[Performance_Score]]<70,"needs improvement")} -> excllent
A13: E012 | B13: Hiba | C13: HR | D13: Kochi | E13: 3 | F13: {=_xlfn.IFS(Table1[[#This Row],[Experience_Years]]>=6,"HIGHLY EXPIRINCED",Table1[[#This Row],[Experience_Years]]>=3,"EXPERINCED",Table1[[#This Row],[Experience_Years]]>=1,"BEGINNER")} -> EXPERINCED | G13: 36000 | H13: 3200 | I13: 160000 | K13: 172000 | L13: {=_xlfn.IFS(Table1[[#This Row],[Sales_Achieved]]>=Table1[[#This Row],[Sales_Target]],"ACHIVED",Table1[[#This Row],[Sales_Achieved]]>=Table1[[#This Row],[Sales_Target]]*90%,"NEAR TARGET",Table1[[#This Row],[Sales_Achieved]]<Table1[[#This Row],[Sales_Target]]*90%,"BELOW TARGET")} -> ACHIVED | M13: 84 | N13: {=_xlfn.IFS(Table1[[#This Row],[Performance_Score]]>=90,"excllent",Table1[[#This Row],[Performance_Score]]>=80,"GOOD",Table1[[#This Row],[Performance_Score]]>=70,"AVERAGE",Table1[[#This Row],[Performance_Score]]<70,"NEEDS IMPROVEMENT")} -> GOOD | O13: 92 | P13: {=_xlfn.IFS(Table1[[#This Row],[Attendance_%]]>=95,"exclent attaendance",Table1[[#This Row],[Attendance_%]]>=90,"good attandance",Table1[[#This Row],[Attendance_%]]>=85,"avg attandance",Table1[[#This Row],[Attendance_%]]<85,"poor attandance")} -> good attandance | Q13: 5 | R13: =SUM(Table1[[#This Row],[Bonus]],Table1[[#This Row],[Basic_Salary]]) -> 39200 | S13: =IF(Table1[[#This Row],[Sales_Achieved]]>Table1[[#This Row],[Sales_Target]],"achived","not achived") -> achived | T13: =IF(AND(Table1[[#This Row],[Performance_Score]]>85,Table1[[#This Row],[Attendance_%]]>90),"excellent","need improvement") -> need improvement | U13: =IF(OR(Table1[[#This Row],[Department]]="IT",Table1[[#This Row],[Department]]="Finance"),"elligible","not elligible") -> not elligible | V13: {=_xlfn.IFS(Table1[[#This Row],[Performance_Score]]>=95,"outstandibg",Table1[[#This Row],[Performance_Score]]>=90,"excllent",Table1[[#This Row],[Performance_Score]]>=80,"good",Table1[[#This Row],[Performance_Score]]>=70,"satisfactory",Table1[[#This Row],[Performance_Score]]<70,"needs improvement")} -> good
... A21: E020 | B21: Keerthi | C21: IT | D21: Bangalore | E21: 5 | F21: {=_xlfn.IFS(Table1[[#This Row],[Experience_Years]]>=6,"HIGHLY EXPIRINCED",Table1[[#This Row],[Experience_Years]]>=3,"EXPERINCED",Table1[[#This Row],[Experience_Years]]>=1,"BEGINNER")} -> EXPERINCED | G21: 58000 | H21: 8000 | I21: 330000 | K21: 350000 | L21: {=_xlfn.IFS(Table1[[#This Row],[Sales_Achieved]]>=Table1[[#This Row],[Sales_Target]],"ACHIVED",Table1[[#This Row],[Sales_Achieved]]>=Table1[[#This Row],[Sales_Target]]*90%,"NEAR TARGET",Table1[[#This Row],[Sales_Achieved]]<Table1[[#This Row],[Sales_Target]]*90%,"BELOW TARGET")} -> ACHIVED | M21: 90 | N21: {=_xlfn.IFS(Table1[[#This Row],[Performance_Score]]>=90,"excllent",Table1[[#This Row],[Performance_Score]]>=80,"GOOD",Table1[[#This Row],[Performance_Score]]>=70,"AVERAGE",Table1[[#This Row],[Performance_Score]]<70,"NEEDS IMPROVEMENT")} -> excllent | O21: 96 | P21: {=_xlfn.IFS(Table1[[#This Row],[Attendance_%]]>=95,"exclent attaendance",Table1[[#This Row],[Attendance_%]]>=90,"good attandance",Table1[[#This Row],[Attendance_%]]>=85,"avg attandance",Table1[[#This Row],[Attendance_%]]<85,"poor attandance")} -> exclent attaendance | Q21: 17 | R21: =SUM(Table1[[#This Row],[Bonus]],Table1[[#This Row],[Basic_Salary]]) -> 66000 | S21: =IF(Table1[[#This Row],[Sales_Achieved]]>Table1[[#This Row],[Sales_Target]],"achived","not achived") -> achived | T21: =IF(AND(Table1[[#This Row],[Performance_Score]]>85,Table1[[#This Row],[Attendance_%]]>90),"excellent","need improvement") -> excellent | U21: =IF(OR(Table1[[#This Row],[Department]]="IT",Table1[[#This Row],[Department]]="Finance"),"elligible","not elligible") -> elligible | V21: {=_xlfn.IFS(Table1[[#This Row],[Performance_Score]]>=95,"outstandibg",Table1[[#This Row],[Performance_Score]]>=90,"excllent",Table1[[#This Row],[Performance_Score]]>=80,"good",Table1[[#This Row],[Performance_Score]]>=70,"satisfactory",Table1[[#This Row],[Performance_Score]]<70,"needs improvement")} -> excllent
A24: q;no | B24: answer
A25: 1 | B25: =SUM(Table1[Basic_Salary]) -> 867000
A26: 2 | B26: =MIN(Table1[Basic_Salary]) -> 26000
A27: 3 | B27: =MAX(Table1[Basic_Salary]) -> 68000
A28: 4 | B28: =SUM(Table1[Bonus]) -> 106300
A29: 9 | B29: =SUMIF(Table1[Department],"Sales",Table1[Basic_Salary]) -> 224000
A30: 10 | B30: =SUMIF(Table1[Department],C4,Table1[Bonus]) -> 39800
A31: 11 | B31: =SUMIF(Table1[Location],DATASET!D2,Table1[Sales_Achieved]) -> 1982000
A32: 12 | B32: =SUMIFS(Table1[Basic_Salary],Table1[Department],C2,Table1[Location],D3) -> 105000
A33: 13 | B33: =SUMIF(Table1[Performance_Score],">=90",Table1[Bonus]) -> 52500
A34: 14 | B34: =COUNTIF(Table1[Department],DATASET!C15) -> 6
A35: 15 | B35: =COUNTIF(Table1[Location],DATASET!D2) -> 7
A36: 16 | B36: =COUNTIF(Table1[Performance_Score],">=85") -> 12
A37: 17 | B37: =COUNTIF(Table1[Attendance_%],">=95") -> 9
A38: 18 | B38: =AVERAGEIF(Table1[Department],DATASET!C2,Table1[Basic_Salary]) -> 37333.333
A39: 19 | B39: =AVERAGEIF(Table1[Department],C4,Table1[Performance_Score]) -> 89.666667
A40: 20 | B40: =AVERAGEIF(Table1[Location],DATASET!D2,Table1[Sales_Achieved]) -> 283142.86
A41: 21 | B41: =SUMIF(Table1[Experience_Years],">=5",Table1[Basic_Salary]) -> 432000
A42: 22 | B42: =SUMIFS(Table1[Sales_Achieved],Table1[Department],C4,Table1[Location],D5) -> 775000
A43: 23 | B43: =SUMIFS(Table1[Bonus],Table1[Department],C6,Table1[Performance_Score],">=85") -> 27000
A44: 24 | B44: =COUNTIFS(Table1[Location],D6,Table1[Performance_Score],">=85") -> 2
A45: 25 | B45: =AVERAGEIFS(Table1[Basic_Salary],Table1[Department],DATASET!C5,Table1[Location],DATASET!D5) -> 58000

Sheet Sheet4
A1: No. | B1: Task
A2: 1 | B2: Calculate the total Basic Salary of all employees.
A3: 2 | B3: Find the minimum Basic Salary.
A4: 3 | B4: Find the maximum Basic Salary.
A5: 4 | B5: Calculate the total Bonus paid to all employees.
A6: 5 | B6: Create a new column Total Salary by adding Basic Salary and Bonus.
A7: 6 | B7: Create a new column Target Status: If Sales Achieved ≥ Sales Target, display Achieved, otherwise Not Achieved.
A8: 7 | B8: Create a new column Performance Level: If Performance Score ≥ 85 AND Attendance ≥ 90, display Excellent, otherwise Needs Improvement.
A9: 8 | B9: Create a new column Eligibility: If Department is IT OR Finance, display Eligible, otherwise Not Eligible.
A10: 9 | B10: Calculate the total Basic Salary of employees in the Sales department.
A11: 10 | B11: Calculate the total Bonus of employees in the IT department.
A12: 11 | B12: Calculate the total Sales Achieved by employees in Kochi.
A13: 12 | B13: Calculate the total Basic Salary of Sales employees in Calicut.
... A26: 25 | B26: Find the average Basic Salary of Finance employees in Bangalore.
